Usuario,Nombre,Mail,Fecha de nacimiento,Genero
cape,Valentin Capelli,valentincapelli@gmail.com,2024-05-02,Masculino
Feka-F4er,Fermin Manuel Prida,ferprida@gmail.com,2024-05-02,Masculino
fabioo66,Fabio Ignacio Torrejon,torrejonfabio@gmail.com,2024-05-02,Masculino
sofia_gamer_777,sofia,sofia@gmail.com,2004-05-10,Femenino
LLadosFitnees,Amadeo LLados,amadeollados@gmail.com,1995-05-10,No binario
dua lipa,dua lipa,dualipa@gmail.com,2024-06-16,Femenino
quimeyherrera,Quimey Herrera,quimeyherrera@gmail.com,2024-06-16,No binario
xmilianx_,palito,palito@gmail.com,2024-06-16,No binario
messi,leo messi,messi@gmail.com,2024-06-17,Masculino
juanivergas,juani,juani@gmail.com,2004-03-15,Masculino
